{"Model RMSE": {"Training RMSE": 353801113133.2599, "Testing RMSE": 63537240296.83199, "Validation RMSE": 62439869335.51014}}