{"Train RMSE": 501692715804.1823, "Test RMSE": 73888861696.13446, "Validation RMSE": 72904716860.43962}