{"Model RMSE": {"Training": 353801113133.2599, "Testing": 63537240296.83199, "Validation": 62439869335.51014}}