{"Train RMSE": 109.58711925179873, "Test RMSE": 104.36675754961793, "Validation RMSE": 131.57939809812666}