{"Train RMSE": 109.10195377599227, "Test RMSE": 104.06569181337643, "Validation RMSE": 132.02127716754285}