{"Train RMSE": 95.51014734693128, "Test RMSE": 131.02801932169638, "Validation RMSE": 107.12418178803875}