{"Model RMSE": {"Training": 86.40545475510285, "Testing": 113.82304913688931, "Validation": 101.93715780709228}}