{"Train RMSE": 64.89701363587359, "Test RMSE": 107.77776730307718, "Validation RMSE": 136.13791771746483}