{"Train RMSE": 80.6811986717598, "Test RMSE": 100.46665891715364, "Validation RMSE": 120.62772133524084}