{"Train RMSE": 80.6811986717598, "Test RMSE": 120.62772133524084, "Validation RMSE": 100.46665891715364}