{"Train RMSE": 82.1835113264468, "Test RMSE": 123.23262655499894, "Validation RMSE": 92.69325000359343}