{"Model RMSE": {"Training RMSE": 80.6811986717598, "Testing RMSE": 120.62772133524084, "Validation RMSE": 100.46665891715364}}