{"Model RMSE": {"Training": 80.6811986717598, "Testing": 120.62772133524084, "Validation": 100.46665891715364}}