{"Train RMSE": 57.65301798265733, "Test RMSE": 104.8310197927143, "Validation RMSE": 131.76934016266344}