{"Model Accuracy": {"Training Accuracy": 0.5266781411359724, "Testing Accuracy": 0.3870967741935484, "Validation Accuracy": 0.368}, "Model F1 Score": {"Training F1 Score": 0.5033231520739837, "Testing F1 Score": 0.37820376137793005, "Validation F1 Score": 0.34837559303441645}}