{"Model Accuracy": {"Training": 0.5266781411359724, "Testing": 0.3870967741935484, "Validation": 0.368}, "Model F1 Score": {"Training": 0.5033231520739837, "Testing": 0.37820376137793005, "Validation": 0.34837559303441645}}