{"Model Accuracy": {"Training Accuracy": 0.43201376936316693, "Testing Accuracy": 0.3870967741935484, "Validation Accuracy": 0.336}, "Model F1 Score": {"Training F1 Score": 0.4165091634015215, "Testing F1 Score": 0.3644898714418286, "Validation F1 Score": 0.3061179265587776}}