{"Train RMSE": 82.78762452389908, "Test RMSE": 121.88798081390568, "Validation RMSE": 168.22807172388903}