{"Model RMSE": {"Training": 85.16013862144686, "Testing": 126.2538837629257, "Validation": 109.24998134376915}}