{"Train RMSE": 85.16013862144686, "Test RMSE": 109.24998134376915, "Validation RMSE": 126.2538837629257}