{"Train RMSE": 85.16013862144686, "Test RMSE": 126.2538837629257, "Validation RMSE": 109.24998134376915}