{"Train RMSE": 83.54324702692466, "Test RMSE": 131.21045239239152, "Validation RMSE": 95.55198598750474}