{"Model Accuracy": {"Training Accuracy": 0.42168674698795183, "Testing Accuracy": 0.41935483870967744, "Validation Accuracy": 0.36}, "Model F1 Score": {"Training F1 Score": 0.41223552100474803, "Testing F1 Score": 0.41969305070726615, "Validation F1 Score": 0.3418820272059709}}